<?xml version="1.0" encoding="UTF-8"?>
<beans xmlns="http://www.springframework.org/schema/beans"
	xmlns:aop="http://www.springframework.org/schema/aop" xmlns:xsi="http://www.w3.org/2001/XMLSchema-instance"
	xsi:schemaLocation="
        http://www.springframework.org/schema/beans
        http://www.springframework.org/schema/beans/spring-beans.xsd
		http://www.springframework.org/schema/aop
		http://www.springframework.org/schema/aop/spring-aop.xsd">

	<!-- 配置_Druid和Spring关联监控配置 -->
	<bean id="druid-stat-interceptor"
		class="com.alibaba.druid.support.spring.stat.DruidStatInterceptor"></bean>

	<!-- 方法名正则匹配拦截配置 -->
	<bean id="druid-stat-pointcut" class="org.springframework.aop.support.JdkRegexpMethodPointcut"
		scope="prototype">
		<property name="patterns">
			<list>
				<value>com.roncoo.education.mapper.*</value>
			</list>
		</property>
	</bean>

	<aop:config proxy-target-class="true">
		<aop:advisor advice-ref="druid-stat-interceptor"
			pointcut-ref="druid-stat-pointcut" />
	</aop:config>

</beans>